model,run,solver,version,exit_status,exit_code,obj1,obj2,iterations,obj_eval,grad_eval,eq_eval,ineq_eval,eq_jac,ineq_jac,hess_eval,constraint_violation_unscaled,cpu_ipopt,cpu_nlp,total_vars,total_eq,total_ineq,ampl_elapsed_time,ampl_system_time,ampl_user_time,ampl_time,solve_elapsed_time,solve_system_time,solve_user_time,solve_time,nvars,snvars,ncons,sncons,tic,toc
"acrobot",1,"Ipopt",3.12.13,"solved",0,69.87764162063803,,14,26,15,26,26,15,15,14,2.8421709430404007e-14,0.010,0.002,132,116,18,0.173,0.03125,0,0.03125,0.046,0.015625,0.015625,0.03125,8779,132,8824,134,00:13:58.76,00:13:59.09
"acrobot",2,"Ipopt",3.12.13,"solved",0,69.87764162063803,,14,26,15,26,26,15,15,14,2.8421709430404007e-14,0.016,0.000,132,116,18,0.187,0.015625,0.015625,0.03125,0.063,0.015625,0,0.015625,8779,132,8824,134,00:13:59.26,00:13:59.67
"acrobot",3,"Ipopt",3.12.13,"solved",0,69.87764162063803,,14,26,15,26,26,15,15,14,2.8421709430404007e-14,0.010,0.004,132,116,18,0.234,0,0.03125,0.03125,0.032,0.015625,0,0.015625,8779,132,8824,134,00:13:59.83,00:14:00.20
"acrobot",4,"Ipopt",3.12.13,"solved",0,69.87764162063803,,14,26,15,26,26,15,15,14,2.8421709430404007e-14,0.013,0.002,132,116,18,0.17200000000000001,0.03125,0.03125,0.0625,0.031,0,0.015625,0.015625,8779,132,8824,134,00:14:00.36,00:14:00.69
"acrobot",5,"Ipopt",3.12.13,"solved",0,69.87764162063803,,14,26,15,26,26,15,15,14,2.8421709430404007e-14,0.012,0.003,132,116,18,0.202,0.03125,0,0.03125,0.032,0.015625,0,0.015625,8779,132,8824,134,00:14:00.84,00:14:01.17
"acrobot",6,"Ipopt",3.12.13,"solved",0,69.87764162063803,,14,26,15,26,26,15,15,14,2.8421709430404007e-14,0.011,0.002,132,116,18,0.187,0.03125,0.03125,0.0625,0.031,0,0.015625,0.015625,8779,132,8824,134,00:14:01.36,00:14:01.68
"acrobot",7,"Ipopt",3.12.13,"solved",0,69.87764162063803,,14,26,15,26,26,15,15,14,2.8421709430404007e-14,0.020,0.001,132,116,18,0.235,0.015625,0.03125,0.046875,0.062,0.046875,0,0.046875,8779,132,8824,134,00:14:01.84,00:14:02.26
"acrobot",8,"Ipopt",3.12.13,"solved",0,69.87764162063803,,14,26,15,26,26,15,15,14,2.8421709430404007e-14,0.008,0.006,132,116,18,0.173,0,0.03125,0.03125,0.046,0.015625,0,0.015625,8779,132,8824,134,00:14:02.48,00:14:02.84
"acrobot",9,"Ipopt",3.12.13,"solved",0,69.87764162063803,,14,26,15,26,26,15,15,14,2.8421709430404007e-14,0.013,0.001,132,116,18,0.173,0,0.046875,0.046875,0.046,0,0.015625,0.015625,8779,132,8824,134,00:14:03.01,00:14:03.34
"acrobot",10,"Ipopt",3.12.13,"solved",0,69.87764162063803,,14,26,15,26,26,15,15,14,2.8421709430404007e-14,0.012,0.002,132,116,18,0.171,0,0.078125,0.078125,0.032,0,0.015625,0.015625,8779,132,8824,134,00:14:03.46,00:14:03.79
"cart-pendulum-time",1,"Ipopt",3.12.13,"solved",0,1.1459372561375376,,30,50,31,50,0,31,0,30,6.2101435105432756e-12,0.017,0.000,80,74,0,0.172,0.03125,0.015625,0.046875,0.047,0.015625,0,0.015625,4388,80,4413,74,00:14:03.95,00:14:04.28
"cart-pendulum-time",2,"Ipopt",3.12.13,"solved",0,1.1459372561375376,,30,50,31,50,0,31,0,30,6.2101435105432756e-12,0.017,0.000,80,74,0,0.17300000000000001,0.015625,0,0.015625,0.031,0.015625,0.03125,0.046875,4388,80,4413,74,00:14:04.44,00:14:04.74
"cart-pendulum-time",3,"Ipopt",3.12.13,"solved",0,1.1459372561375376,,30,50,31,50,0,31,0,30,6.2101435105432756e-12,0.019,0.003,80,74,0,0.219,0.015625,0,0.015625,0.031,0.015625,0.015625,0.03125,4388,80,4413,74,00:14:04.91,00:14:05.27
"cart-pendulum-time",4,"Ipopt",3.12.13,"solved",0,1.1459372561375376,,30,50,31,50,0,31,0,30,6.2101435105432756e-12,0.016,0.001,80,74,0,0.15600000000000003,0,0.015625,0.015625,0.047,0,0.046875,0.046875,4388,80,4413,74,00:14:05.43,00:14:05.74
"cart-pendulum-time",5,"Ipopt",3.12.13,"solved",0,1.1459372561375376,,30,50,31,50,0,31,0,30,6.2101435105432756e-12,0.017,0.000,80,74,0,0.188,0,0.015625,0.015625,0.031,0,0.03125,0.03125,4388,80,4413,74,00:14:05.90,00:14:06.23
"cart-pendulum-time",6,"Ipopt",3.12.13,"solved",0,1.1459372561375376,,30,50,31,50,0,31,0,30,6.2101435105432756e-12,0.016,0.002,80,74,0,0.20400000000000001,0.015625,0.015625,0.03125,0.046,0.03125,0,0.03125,4388,80,4413,74,00:14:06.38,00:14:06.73
"cart-pendulum-time",7,"Ipopt",3.12.13,"solved",0,1.1459372561375376,,30,50,31,50,0,31,0,30,6.2101435105432756e-12,0.014,0.001,80,74,0,0.15600000000000003,0.015625,0.03125,0.046875,0.047,0.015625,0,0.015625,4388,80,4413,74,00:14:06.91,00:14:07.26
"cart-pendulum-time",8,"Ipopt",3.12.13,"solved",0,1.1459372561375376,,30,50,31,50,0,31,0,30,6.2101435105432756e-12,0.013,0.002,80,74,0,0.186,0.015625,0.015625,0.03125,0.032,0,0.015625,0.015625,4388,80,4413,74,00:14:07.46,00:14:07.80
"cart-pendulum-time",9,"Ipopt",3.12.13,"solved",0,1.1459372561375376,,30,50,31,50,0,31,0,30,6.2101435105432756e-12,0.014,0.002,80,74,0,0.17099999999999999,0,0.03125,0.03125,0.047,0,0.015625,0.015625,4388,80,4413,74,00:14:07.99,00:14:08.29
"cart-pendulum-time",10,"Ipopt",3.12.13,"solved",0,1.1459372561375376,,30,50,31,50,0,31,0,30,6.2101435105432756e-12,0.016,0.000,80,74,0,0.17200000000000001,0,0.015625,0.015625,0.031,0.015625,0,0.015625,4388,80,4413,74,00:14:08.53,00:14:08.83
"cart-pendulum-utot",1,"Ipopt",3.12.13,"solved",0,229.2912807061394,,12,15,13,15,0,13,0,12,2.8421709430404007e-14,0.009,0.001,202,176,0,0.18700000000000003,0.03125,0.03125,0.0625,0.031,0.015625,0.015625,0.03125,13169,202,13234,176,00:14:08.99,00:14:09.34
"cart-pendulum-utot",2,"Ipopt",3.12.13,"solved",0,229.2912807061394,,12,15,13,15,0,13,0,12,2.8421709430404007e-14,0.009,0.001,202,176,0,0.188,0.03125,0.046875,0.078125,0.031,0.015625,0,0.015625,13169,202,13234,176,00:14:09.50,00:14:09.82
"cart-pendulum-utot",3,"Ipopt",3.12.13,"solved",0,229.2912807061394,,12,15,13,15,0,13,0,12,2.8421709430404007e-14,0.009,0.003,202,176,0,0.203,0.015625,0.046875,0.0625,0.032,0,0.015625,0.015625,13169,202,13234,176,00:14:10.01,00:14:10.37
"cart-pendulum-utot",4,"Ipopt",3.12.13,"solved",0,229.2912807061394,,12,15,13,15,0,13,0,12,2.8421709430404007e-14,0.009,0.001,202,176,0,0.203,0.03125,0.03125,0.0625,0.032,0,0.015625,0.015625,13169,202,13234,176,00:14:10.54,00:14:10.86
"cart-pendulum-utot",5,"Ipopt",3.12.13,"solved",0,229.2912807061394,,12,15,13,15,0,13,0,12,2.8421709430404007e-14,0.010,0.001,202,176,0,0.23500000000000001,0.0625,0,0.0625,0.031,0,0.015625,0.015625,13169,202,13234,176,00:14:11.05,00:14:11.42
"cart-pendulum-utot",6,"Ipopt",3.12.13,"solved",0,229.2912807061394,,12,15,13,15,0,13,0,12,2.8421709430404007e-14,0.010,0.000,202,176,0,0.171,0.03125,0,0.03125,0.032,0.015625,0,0.015625,13169,202,13234,176,00:14:11.58,00:14:11.88
"cart-pendulum-utot",7,"Ipopt",3.12.13,"solved",0,229.2912807061394,,12,15,13,15,0,13,0,12,2.8421709430404007e-14,0.011,0.000,202,176,0,0.203,0.03125,0,0.03125,0.047,0,0.015625,0.015625,13169,202,13234,176,00:14:12.04,00:14:12.41
"cart-pendulum-utot",8,"Ipopt",3.12.13,"solved",0,229.2912807061394,,12,15,13,15,0,13,0,12,2.8421709430404007e-14,0.010,0.001,202,176,0,0.203,0,0.0625,0.0625,0.016,0.015625,0,0.015625,13169,202,13234,176,00:14:12.66,00:14:12.99
"cart-pendulum-utot",9,"Ipopt",3.12.13,"solved",0,229.2912807061394,,12,15,13,15,0,13,0,12,2.8421709430404007e-14,0.009,0.001,202,176,0,0.187,0.015625,0.015625,0.03125,0.032,0,0.015625,0.015625,13169,202,13234,176,00:14:13.16,00:14:13.48
"cart-pendulum-utot",10,"Ipopt",3.12.13,"solved",0,229.2912807061394,,12,15,13,15,0,13,0,12,2.8421709430404007e-14,0.010,0.001,202,176,0,0.203,0,0.03125,0.03125,0.016,0.015625,0,0.015625,13169,202,13234,176,00:14:13.66,00:14:13.98
"five-link-mc-kelly",1,"Ipopt",3.12.13,"solved",0,260.4300852955142,,11,12,12,12,12,12,12,11,1.0587086762825493e-12,0.032,0.046,266,212,2,0.609,0.03125,0.203125,0.234375,0.10900000000000004,0,0.109375,0.109375,99109,266,98877,214,00:14:14.14,00:14:15.06
"five-link-mc-kelly",2,"Ipopt",3.12.13,"solved",0,260.4300852955142,,11,12,12,12,12,12,12,11,1.0587086762825493e-12,0.021,0.040,266,212,2,0.375,0.046875,0.234375,0.28125,0.094,0.046875,0.046875,0.09375,99109,266,98877,214,00:14:15.22,00:14:16.33
"five-link-mc-kelly",3,"Ipopt",3.12.13,"solved",0,260.4300852955142,,11,12,12,12,12,12,12,11,1.0587086762825493e-12,0.024,0.039,266,212,2,0.375,0.078125,0.15625,0.234375,0.094,0.015625,0.0625,0.078125,99109,266,98877,214,00:14:16.51,00:14:17.08
"five-link-mc-kelly",4,"Ipopt",3.12.13,"solved",0,260.4300852955142,,11,12,12,12,12,12,12,11,1.0587086762825493e-12,0.024,0.044,266,212,2,0.344,0.03125,0.171875,0.203125,0.10900000000000001,0.03125,0.046875,0.078125,99109,266,98877,214,00:14:17.24,00:14:17.80
"five-link-mc-kelly",5,"Ipopt",3.12.13,"solved",0,260.4300852955142,,11,12,12,12,12,12,12,11,1.0587086762825493e-12,0.025,0.042,266,212,2,0.375,0.046875,0.203125,0.25,0.094,0.015625,0.078125,0.09375,99109,266,98877,214,00:14:17.96,00:14:18.53
"five-link-mc-kelly",6,"Ipopt",3.12.13,"solved",0,260.4300852955142,,11,12,12,12,12,12,12,11,1.0587086762825493e-12,0.024,0.042,266,212,2,0.376,0.0625,0.171875,0.234375,0.10899999999999999,0,0.09375,0.09375,99109,266,98877,214,00:14:18.68,00:14:19.28
"five-link-mc-kelly",7,"Ipopt",3.12.13,"solved",0,260.4300852955142,,11,12,12,12,12,12,12,11,1.0587086762825493e-12,0.023,0.042,266,212,2,0.343,0.046875,0.1875,0.234375,0.10999999999999999,0.03125,0.0625,0.09375,99109,266,98877,214,00:14:19.49,00:14:20.06
"five-link-mc-kelly",8,"Ipopt",3.12.13,"solved",0,260.4300852955142,,11,12,12,12,12,12,12,11,1.0587086762825493e-12,0.026,0.041,266,212,2,0.374,0.0625,0.1875,0.25,0.11000000000000001,0.03125,0.046875,0.078125,99109,266,98877,214,00:14:20.23,00:14:20.81
"five-link-mc-kelly",9,"Ipopt",3.12.13,"solved",0,260.4300852955142,,11,12,12,12,12,12,12,11,1.0587086762825493e-12,0.028,0.039,266,212,2,0.391,0.046875,0.171875,0.21875,0.10900000000000001,0.03125,0.046875,0.078125,99109,266,98877,214,00:14:21.02,00:14:21.67
"five-link-mc-kelly",10,"Ipopt",3.12.13,"solved",0,260.4300852955142,,11,12,12,12,12,12,12,11,1.0587086762825493e-12,0.027,0.040,266,212,2,0.43600000000000005,0.0625,0.203125,0.265625,0.11000000000000001,0.015625,0.0625,0.078125,99109,266,98877,214,00:14:21.85,00:14:22.55
"five-link-phc-kelly",1,"Ipopt",3.12.13,"solved",0,443.14228437220777,,13,14,14,14,14,14,14,13,4.2092551666428335e-10,0.115,0.079,326,300,2,0.281,0.03125,0.109375,0.140625,0.23399999999999999,0.046875,0.171875,0.21875,46821,326,46820,302,00:14:22.82,00:14:23.47
"five-link-phc-kelly",2,"Ipopt",3.12.13,"solved",0,443.14228437220777,,13,14,14,14,14,14,14,13,4.2092551666428335e-10,0.114,0.077,326,300,2,0.29700000000000004,0.046875,0.078125,0.125,0.23399999999999999,0.03125,0.1875,0.21875,46821,326,46820,302,00:14:23.65,00:14:24.26
"five-link-phc-kelly",3,"Ipopt",3.12.13,"solved",0,443.14228437220777,,13,14,14,14,14,14,14,13,4.2092551666428335e-10,0.117,0.084,326,300,2,0.266,0.03125,0.109375,0.140625,0.25,0.03125,0.1875,0.21875,46821,326,46820,302,00:14:24.49,00:14:25.10
"five-link-phc-kelly",4,"Ipopt",3.12.13,"solved",0,443.14228437220777,,13,14,14,14,14,14,14,13,4.2092551666428335e-10,0.117,0.090,326,300,2,0.29700000000000004,0.03125,0.140625,0.171875,0.25,0.015625,0.21875,0.234375,46821,326,46820,302,00:14:25.27,00:14:25.89
"five-link-phc-kelly",5,"Ipopt",3.12.13,"solved",0,443.14228437220777,,13,14,14,14,14,14,14,13,4.2092551666428335e-10,0.110,0.087,326,300,2,0.29700000000000004,0.09375,0.078125,0.171875,0.23399999999999999,0.015625,0.203125,0.21875,46821,326,46820,302,00:14:26.05,00:14:26.68
"five-link-phc-kelly",6,"Ipopt",3.12.13,"solved",0,443.14228437220777,,13,14,14,14,14,14,14,13,4.2092551666428335e-10,0.109,0.081,326,300,2,0.28200000000000003,0.046875,0.09375,0.140625,0.21799999999999997,0.03125,0.1875,0.21875,46821,326,46820,302,00:14:26.83,00:14:27.46
"five-link-phc-kelly",7,"Ipopt",3.12.13,"solved",0,443.14228437220777,,13,14,14,14,14,14,14,13,4.2092551666428335e-10,0.104,0.077,326,300,2,0.26699999999999996,0.03125,0.09375,0.125,0.21800000000000003,0.03125,0.1875,0.21875,46821,326,46820,302,00:14:27.62,00:14:28.21
"five-link-phc-kelly",8,"Ipopt",3.12.13,"solved",0,443.14228437220777,,13,14,14,14,14,14,14,13,4.2092551666428335e-10,0.134,0.100,326,300,2,0.297,0.046875,0.15625,0.203125,0.28099999999999997,0.046875,0.203125,0.25,46821,326,46820,302,00:14:28.39,00:14:29.07
"five-link-phc-kelly",9,"Ipopt",3.12.13,"solved",0,443.14228437220777,,13,14,14,14,14,14,14,13,4.2092551666428335e-10,0.120,0.086,326,300,2,0.25,0.046875,0.125,0.171875,0.25,0.015625,0.203125,0.21875,46821,326,46820,302,00:14:29.23,00:14:29.82
"five-link-phc-kelly",10,"Ipopt",3.12.13,"solved",0,443.14228437220777,,13,14,14,14,14,14,14,13,4.2092551666428335e-10,0.127,0.090,326,300,2,0.281,0.046875,0.109375,0.15625,0.266,0.078125,0.171875,0.25,46821,326,46820,302,00:14:29.98,00:14:30.64
"five-link-tropic",1,"Ipopt",3.12.13,"solved",0,5.730000208385529,,206,273,207,273,273,210,210,206,1.4438672479855086e-11,18.178,12.035,2345,2331,206,1.4690000000000012,0.296875,1.046875,1.34375,30.406,0.78125,29.484375,30.265625,371155,2345,372492,2537,00:14:30.81,00:15:04.87
"five-link-tropic",2,"Ipopt",3.12.13,"solved",0,5.730000208385529,,206,273,207,273,273,210,210,206,1.4438672479855086e-11,18.420,12.020,2345,2331,206,1.4520000000000053,0.21875,1.09375,1.3125,30.641,0.40625,30.140625,30.546875,371155,2345,372492,2537,00:15:05.02,00:15:39.03
"five-link-tropic",3,"Ipopt",3.12.13,"solved",0,5.730000208385529,,206,273,207,273,273,210,210,206,1.4438672479855086e-11,18.438,11.744,2345,2331,206,1.2970000000000006,0.1875,0.984375,1.171875,30.359,0.375,29.875,30.25,371155,2345,372492,2537,00:15:39.22,00:16:12.85
"five-link-tropic",4,"Ipopt",3.12.13,"solved",0,5.730000208385529,,206,273,207,273,273,210,210,206,1.4438672479855086e-11,18.400,11.948,2345,2331,206,1.3430000000000035,0.171875,1.0625,1.234375,30.516,0.484375,29.875,30.359375,371155,2345,372492,2537,00:16:13.02,00:16:46.87
"five-link-tropic",5,"Ipopt",3.12.13,"solved",0,5.730000208385529,,206,273,207,273,273,210,210,206,1.4438672479855086e-11,18.399,11.741,2345,2331,206,1.2959999999999994,0.234375,0.921875,1.15625,30.313000000000002,0.5625,29.640625,30.203125,371155,2345,372492,2537,00:16:47.07,00:17:20.63
"five-link-tropic",6,"Ipopt",3.12.13,"solved",0,5.730000208385529,,206,273,207,273,273,210,210,206,1.4438672479855086e-11,18.251,11.813,2345,2331,206,1.4529999999999994,0.296875,1,1.296875,30.235000000000003,0.359375,29.78125,30.140625,371155,2345,372492,2537,00:17:20.81,00:17:54.32
"five-link-tropic",7,"Ipopt",3.12.13,"solved",0,5.730000208385529,,206,273,207,273,273,210,210,206,1.4438672479855086e-11,18.777,12.420,2345,2331,206,1.7020000000000017,0.203125,0.921875,1.125,31.391000000000002,0.625,30.515625,31.140625,371155,2345,372492,2537,00:17:54.47,00:18:29.46
"five-link-tropic",8,"Ipopt",3.12.13,"solved",0,5.730000208385529,,206,273,207,273,273,210,210,206,1.4438672479855086e-11,17.907,11.284,2345,2331,206,1.3900000000000006,0.203125,1.015625,1.21875,29.375,0.40625,28.796875,29.203125,371155,2345,372492,2537,00:18:29.63,00:19:02.52
"five-link-tropic",9,"Ipopt",3.12.13,"solved",0,5.730000208385529,,206,273,207,273,273,210,210,206,1.4438672479855086e-11,18.818,11.994,2345,2331,206,1.656000000000006,0.21875,1.328125,1.546875,31.016,0.453125,30.4375,30.890625,371155,2345,372492,2537,00:19:02.69,00:19:37.38
"five-link-tropic",10,"Ipopt",3.12.13,"solved",0,5.730000208385529,,206,273,207,273,273,210,210,206,1.4438672479855086e-11,18.650,12.046,2345,2331,206,1.3440000000000012,0.25,1,1.25,30.89,0.453125,30.390625,30.84375,371155,2345,372492,2537,00:19:37.55,00:20:11.72
"grasp-cbc",1,"cbc",2.10.12,"failure",500,0,,,,,,,,,,,,,,,,0.187,0.015625,0.0625,0.078125,0.016,0.015625,0.015625,0.03125,29729,73,29766,80,00:20:11.88,00:20:12.22
"grasp-cbc",2,"cbc",2.10.12,"failure",500,0,,,,,,,,,,,,,,,,0.25,0.015625,0.078125,0.09375,0.016,0,0,0,29729,73,29766,80,00:20:12.38,00:20:12.74
"grasp-cbc",3,"cbc",2.10.12,"failure",500,0,,,,,,,,,,,,,,,,0.187,0.046875,0.0625,0.109375,0.031,0,0,0,29729,73,29766,80,00:20:12.89,00:20:13.21
"grasp-cbc",4,"cbc",2.10.12,"failure",500,0,,,,,,,,,,,,,,,,0.234,0.046875,0.0625,0.109375,0.032,0.015625,0,0.015625,29729,73,29766,80,00:20:13.36,00:20:13.73
"grasp-cbc",5,"cbc",2.10.12,"failure",500,0,,,,,,,,,,,,,,,,0.21900000000000003,0.03125,0.0625,0.09375,0.016,0.015625,0,0.015625,29729,73,29766,80,00:20:13.88,00:20:14.20
"grasp-cbc",6,"cbc",2.10.12,"failure",500,0,,,,,,,,,,,,,,,,0.24900000000000003,0.046875,0.046875,0.09375,0.032,0.03125,0,0.03125,29729,73,29766,80,00:20:14.36,00:20:14.73
"grasp-cbc",7,"cbc",2.10.12,"failure",500,0,,,,,,,,,,,,,,,,0.203,0.015625,0.0625,0.078125,0.032,0,0.03125,0.03125,29729,73,29766,80,00:20:14.91,00:20:15.24
"grasp-cbc",8,"cbc",2.10.12,"failure",500,0,,,,,,,,,,,,,,,,0.17200000000000001,0.046875,0.078125,0.125,0.031,0.015625,0.015625,0.03125,29729,73,29766,80,00:20:15.39,00:20:15.70
"grasp-cbc",9,"cbc",2.10.12,"failure",500,0,,,,,,,,,,,,,,,,0.203,0.0625,0.03125,0.09375,0.031,0,0,0,29729,73,29766,80,00:20:15.88,00:20:16.21
"grasp-cbc",10,"cbc",2.10.12,"failure",500,0,,,,,,,,,,,,,,,,0.20299999999999999,0.046875,0.0625,0.109375,0.047000000000000014,0,0.015625,0.015625,29729,73,29766,80,00:20:16.37,00:20:16.74
"grasp-conopt",1,"",,"solved?",100,6,,,,,,,,,,,,,,,,0.18799999999999997,0.03125,0.09375,0.125,0.10900000000000001,0.015625,0.03125,0.046875,29729,73,29766,80,00:20:16.91,00:20:17.33
"grasp-conopt",2,"",,"solved?",100,6,,,,,,,,,,,,,,,,0.21899999999999997,0.03125,0.109375,0.140625,0.078,0,0,0,29729,73,29766,80,00:20:17.48,00:20:17.88
"grasp-conopt",3,"",,"solved?",100,6,,,,,,,,,,,,,,,,0.235,0.046875,0.078125,0.125,0.125,0.015625,0.015625,0.03125,29729,73,29766,80,00:20:18.03,00:20:18.53
"grasp-conopt",4,"",,"solved?",100,6,,,,,,,,,,,,,,,,0.23399999999999999,0.046875,0.0625,0.109375,0.078,0,0,0,29729,73,29766,80,00:20:18.67,00:20:19.05
"grasp-conopt",5,"",,"solved?",100,6,,,,,,,,,,,,,,,,0.17200000000000004,0,0.09375,0.09375,0.344,0.015625,0,0.015625,29729,73,29766,80,00:20:19.26,00:20:19.88
"grasp-conopt",6,"",,"solved?",100,6,,,,,,,,,,,,,,,,0.23399999999999999,0.03125,0.109375,0.140625,0.188,0,0.03125,0.03125,29729,73,29766,80,00:20:20.02,00:20:20.52
"grasp-conopt",7,"",,"solved?",100,6,,,,,,,,,,,,,,,,0.203,0.03125,0.0625,0.09375,0.06300000000000001,0.015625,0.015625,0.03125,29729,73,29766,80,00:20:20.72,00:20:21.07
"grasp-conopt",8,"",,"solved?",100,6,,,,,,,,,,,,,,,,0.21900000000000003,0.046875,0.078125,0.125,0.063,0.046875,0.03125,0.078125,29729,73,29766,80,00:20:21.23,00:20:21.62
"grasp-conopt",9,"",,"solved?",100,6,,,,,,,,,,,,,,,,0.25,0.0625,0.0625,0.125,0.07800000000000001,0.046875,0.015625,0.0625,29729,73,29766,80,00:20:21.75,00:20:22.16
"grasp-conopt",10,"",,"solved?",100,6,,,,,,,,,,,,,,,,0.20299999999999999,0,0.09375,0.09375,0.17200000000000001,0,0,0,29729,73,29766,80,00:20:22.29,00:20:22.76
"grasp-gurobi",1,"Gurobi",12.0.3,"solved",0,4,,,,,,,,,,,,,,,,0.21900000000000003,0.03125,0.09375,0.125,0.328,0.25,1.671875,1.921875,29729,73,29766,80,00:20:22.94,00:20:23.58
"grasp-gurobi",2,"Gurobi",12.0.3,"solved",0,4,,,,,,,,,,,,,,,,0.203,0.03125,0.078125,0.109375,0.265,0.375,1.640625,2.015625,29729,73,29766,80,00:20:23.71,00:20:24.29
"grasp-gurobi",3,"Gurobi",12.0.3,"solved",0,4,,,,,,,,,,,,,,,,0.188,0.0625,0.0625,0.125,0.25,0.5,1.546875,2.046875,29729,73,29766,80,00:20:24.43,00:20:24.94
"grasp-gurobi",4,"Gurobi",12.0.3,"solved",0,4,,,,,,,,,,,,,,,,0.251,0.015625,0.09375,0.109375,0.265,0.296875,1.75,2.046875,29729,73,29766,80,00:20:25.11,00:20:25.75
"grasp-gurobi",5,"Gurobi",12.0.3,"solved",0,4,,,,,,,,,,,,,,,,0.23399999999999999,0.0625,0.046875,0.109375,0.266,0.296875,1.765625,2.0625,29729,73,29766,80,00:20:25.88,00:20:26.47
"grasp-gurobi",6,"Gurobi",12.0.3,"solved",0,4,,,,,,,,,,,,,,,,0.17099999999999999,0.046875,0.046875,0.09375,0.266,0.3125,1.625,1.9375,29729,73,29766,80,00:20:26.66,00:20:27.19
"grasp-gurobi",7,"Gurobi",12.0.3,"solved",0,4,,,,,,,,,,,,,,,,0.21899999999999997,0.046875,0.03125,0.078125,0.266,0.453125,1.53125,1.984375,29729,73,29766,80,00:20:27.32,00:20:27.89
"grasp-gurobi",8,"Gurobi",12.0.3,"solved",0,4,,,,,,,,,,,,,,,,0.203,0,0.078125,0.078125,0.25,0.21875,1.640625,1.859375,29729,73,29766,80,00:20:28.02,00:20:28.58
"grasp-gurobi",9,"Gurobi",12.0.3,"solved",0,4,,,,,,,,,,,,,,,,0.172,0.03125,0.046875,0.078125,0.266,0.421875,1.4375,1.859375,29729,73,29766,80,00:20:28.71,00:20:29.25
"grasp-gurobi",10,"Gurobi",12.0.3,"solved",0,4,,,,,,,,,,,,,,,,0.15599999999999997,0.0625,0.046875,0.109375,0.266,0.203125,1.625,1.828125,29729,73,29766,80,00:20:29.42,00:20:29.99
"grasp-highs",1,"HiGHS",1.11.0,"failure",500,0,,,,,,,,,,,,,,,,0.17200000000000001,0.046875,0.046875,0.09375,0.031,0,0.015625,0.015625,29729,73,29766,80,00:20:30.15,00:20:30.45
"grasp-highs",2,"HiGHS",1.11.0,"failure",500,0,,,,,,,,,,,,,,,,0.21799999999999997,0.046875,0.078125,0.125,0.032000000000000015,0.03125,0.03125,0.0625,29729,73,29766,80,00:20:30.65,00:20:30.99
"grasp-highs",3,"HiGHS",1.11.0,"failure",500,0,,,,,,,,,,,,,,,,0.187,0.046875,0.0625,0.109375,0.031,0,0,0,29729,73,29766,80,00:20:31.14,00:20:31.47
"grasp-highs",4,"HiGHS",1.11.0,"failure",500,0,,,,,,,,,,,,,,,,0.187,0,0.078125,0.078125,0.032,0,0,0,29729,73,29766,80,00:20:31.67,00:20:31.99
"grasp-highs",5,"HiGHS",1.11.0,"failure",500,0,,,,,,,,,,,,,,,,0.17200000000000001,0.03125,0.0625,0.09375,0.031,0.015625,0.015625,0.03125,29729,73,29766,80,00:20:32.14,00:20:32.45
"grasp-highs",6,"HiGHS",1.11.0,"failure",500,0,,,,,,,,,,,,,,,,0.17200000000000001,0.03125,0.078125,0.109375,0.031,0,0,0,29729,73,29766,80,00:20:32.64,00:20:32.95
"grasp-highs",7,"HiGHS",1.11.0,"failure",500,0,,,,,,,,,,,,,,,,0.187,0.015625,0.0625,0.078125,0.047,0.015625,0,0.015625,29729,73,29766,80,00:20:33.14,00:20:33.46
"grasp-highs",8,"HiGHS",1.11.0,"failure",500,0,,,,,,,,,,,,,,,,0.187,0,0.078125,0.078125,0.031,0,0.03125,0.03125,29729,73,29766,80,00:20:33.64,00:20:33.97
"grasp-highs",9,"HiGHS",1.11.0,"failure",500,0,,,,,,,,,,,,,,,,0.23500000000000001,0.015625,0.078125,0.09375,0.031,0,0,0,29729,73,29766,80,00:20:34.08,00:20:34.44
"grasp-highs",10,"HiGHS",1.11.0,"failure",500,0,,,,,,,,,,,,,,,,0.187,0.015625,0.078125,0.09375,0.031,0,0,0,29729,73,29766,80,00:20:34.65,00:20:34.96
"grasp-knitro",1,"Knitro",14.2.0,"solved",0,34,,,,,,,,,,,,,,,,0.156,0.046875,0.0625,0.109375,0.094,0.078125,0.125,0.203125,29729,73,29766,80,00:20:35.12,00:20:35.48
"grasp-knitro",2,"Knitro",14.2.0,"solved",0,34,,,,,,,,,,,,,,,,0.187,0,0.125,0.125,0.07800000000000001,0.0625,0.046875,0.109375,29729,73,29766,80,00:20:35.64,00:20:36.02
"grasp-knitro",3,"Knitro",14.2.0,"solved",0,34,,,,,,,,,,,,,,,,0.172,0.03125,0.0625,0.09375,0.078,0.046875,0.03125,0.078125,29729,73,29766,80,00:20:36.16,00:20:36.53
"grasp-knitro",4,"Knitro",14.2.0,"solved",0,34,,,,,,,,,,,,,,,,0.21900000000000003,0.03125,0.0625,0.09375,0.06200000000000001,0,0.046875,0.046875,29729,73,29766,80,00:20:36.74,00:20:37.10
"grasp-knitro",5,"Knitro",14.2.0,"solved",0,34,,,,,,,,,,,,,,,,0.187,0.0625,0.046875,0.109375,0.078,0.046875,0.09375,0.140625,29729,73,29766,80,00:20:37.28,00:20:37.63
"grasp-knitro",6,"Knitro",14.2.0,"solved",0,34,,,,,,,,,,,,,,,,0.21799999999999997,0.046875,0.0625,0.109375,0.07800000000000001,0.046875,0.078125,0.125,29729,73,29766,80,00:20:37.76,00:20:38.16
"grasp-knitro",7,"Knitro",14.2.0,"solved",0,34,,,,,,,,,,,,,,,,0.18799999999999997,0.046875,0.03125,0.078125,0.17200000000000001,0.25,0.453125,0.703125,29729,73,29766,80,00:20:38.32,00:20:38.77
"grasp-knitro",8,"Knitro",14.2.0,"solved",0,34,,,,,,,,,,,,,,,,0.172,0.015625,0.0625,0.078125,0.078,0.0625,0.125,0.1875,29729,73,29766,80,00:20:38.93,00:20:39.27
"grasp-knitro",9,"Knitro",14.2.0,"solved",0,34,,,,,,,,,,,,,,,,0.203,0.015625,0.09375,0.109375,0.125,0.078125,0.046875,0.125,29729,73,29766,80,00:20:39.44,00:20:39.89
"grasp-knitro",10,"Knitro",14.2.0,"solved",0,34,,,,,,,,,,,,,,,,0.188,0.046875,0.09375,0.140625,0.078,0.046875,0.125,0.171875,29729,73,29766,80,00:20:40.03,00:20:40.37
"grasp-raposa",1,"RAPOSa",v4.4.1,"solved?",101,4,,,,,,,,,,,,,,,,0.20299999999999985,0.015625,0.0625,0.078125,2.0780000000000003,0.3125,0.421875,0.734375,29729,73,29766,80,00:20:40.52,00:20:42.87
"grasp-raposa",2,"RAPOSa",v4.4.1,"solved?",101,4,,,,,,,,,,,,,,,,0.15600000000000014,0.03125,0.046875,0.078125,2.094,0.296875,0.53125,0.828125,29729,73,29766,80,00:20:43.06,00:20:45.42
"grasp-raposa",3,"RAPOSa",v4.4.1,"solved?",101,4,,,,,,,,,,,,,,,,0.1559999999999997,0.015625,0.078125,0.09375,2.297,0.296875,0.453125,0.75,29729,73,29766,80,00:20:45.59,00:20:48.17
"grasp-raposa",4,"RAPOSa",v4.4.1,"solved?",101,4,,,,,,,,,,,,,,,,0.20299999999999985,0.046875,0.0625,0.109375,2.422,0.359375,0.4375,0.796875,29729,73,29766,80,00:20:48.38,00:20:51.12
"grasp-raposa",5,"RAPOSa",v4.4.1,"solved?",101,4,,,,,,,,,,,,,,,,0.18799999999999972,0.03125,0.0625,0.09375,2.14,0.21875,0.5625,0.78125,29729,73,29766,80,00:20:51.31,00:20:53.78
"grasp-raposa",6,"RAPOSa",v4.4.1,"solved?",101,4,,,,,,,,,,,,,,,,0.21899999999999986,0.046875,0.03125,0.078125,2.016,0.234375,0.515625,0.75,29729,73,29766,80,00:20:53.99,00:20:56.32
"grasp-raposa",7,"RAPOSa",v4.4.1,"solved?",101,4,,,,,,,,,,,,,,,,0.18699999999999983,0.015625,0.0625,0.078125,2.157,0.28125,0.421875,0.703125,29729,73,29766,80,00:20:56.51,00:20:58.95
"grasp-raposa",8,"RAPOSa",v4.4.1,"solved?",101,4,,,,,,,,,,,,,,,,0.23399999999999954,0.03125,0.0625,0.09375,2.0940000000000003,0.234375,0.5625,0.796875,29729,73,29766,80,00:20:59.13,00:21:01.55
"grasp-raposa",9,"RAPOSa",v4.4.1,"solved?",101,4,,,,,,,,,,,,,,,,0.18699999999999983,0.0625,0.046875,0.109375,2.1100000000000003,0.296875,0.453125,0.75,29729,73,29766,80,00:21:01.79,00:21:04.22
"grasp-raposa",10,"RAPOSa",v4.4.1,"solved?",101,4,,,,,,,,,,,,,,,,0.18799999999999972,0.03125,0.078125,0.109375,2.0620000000000003,0.171875,0.625,0.796875,29729,73,29766,80,00:21:04.44,00:21:06.77
"grasp-scip",1,"SCIP",9.2.2,"solved",0,4,,,,,,,,,,,,,,,,0.20300000000000296,0.03125,0.0625,0.09375,39.094,0.609375,39.015625,39.625,29729,73,29766,80,00:21:07.05,00:21:46.45
"grasp-scip",2,"SCIP",9.2.2,"solved",0,4,,,,,,,,,,,,,,,,0.1869999999999976,0.046875,0.046875,0.09375,39.922000000000004,1.203125,39.90625,41.109375,29729,73,29766,80,00:21:46.63,00:22:26.83
"grasp-scip",3,"SCIP",9.2.2,"solved",0,4,,,,,,,,,,,,,,,,0.6089999999999947,0.046875,0.0625,0.109375,40.157000000000004,0.65625,39.78125,40.4375,29729,73,29766,80,00:22:26.99,00:23:07.94
"grasp-scip",4,"SCIP",9.2.2,"solved",0,4,,,,,,,,,,,,,,,,0.1880000000000024,0.015625,0.0625,0.078125,38.547,1.078125,38.140625,39.21875,29729,73,29766,80,00:23:08.13,00:23:46.94
"grasp-scip",5,"SCIP",9.2.2,"solved",0,4,,,,,,,,,,,,,,,,0.20300000000000296,0.015625,0.078125,0.09375,38.766,1.1875,38.453125,39.640625,29729,73,29766,80,00:23:47.13,00:24:26.19
"grasp-scip",6,"SCIP",9.2.2,"solved",0,4,,,,,,,,,,,,,,,,0.23400000000000887,0.03125,0.078125,0.109375,38.687999999999995,1.0625,38.46875,39.53125,29729,73,29766,80,00:24:26.33,00:25:05.36
"grasp-scip",7,"SCIP",9.2.2,"solved",0,4,,,,,,,,,,,,,,,,0.18700000000000472,0.0625,0.046875,0.109375,38.922,0.546875,38.546875,39.09375,29729,73,29766,80,00:25:05.52,00:25:44.71
"grasp-scip",8,"SCIP",9.2.2,"solved",0,4,,,,,,,,,,,,,,,,0.2330000000000041,0.03125,0.09375,0.125,40.61,0.796875,39.796875,40.59375,29729,73,29766,80,00:25:44.85,00:26:25.79
"grasp-scip",9,"SCIP",9.2.2,"solved",0,4,,,,,,,,,,,,,,,,0.20300000000000296,0.03125,0.046875,0.078125,38.812999999999995,0.765625,38.53125,39.296875,29729,73,29766,80,00:26:25.94,00:27:05.02
"grasp-scip",10,"SCIP",9.2.2,"solved",0,4,,,,,,,,,,,,,,,,0.5300000000000011,0.03125,0.0625,0.09375,38.891,1.625,38.125,39.75,29729,73,29766,80,00:27:05.17,00:27:44.66
"kinematic-car-conopt",1,"",,"solved?",100,1.9590243219206969,,,,,,,,,,,,,,,,0.203,0.046875,0.03125,0.078125,0.125,0.03125,0.03125,0.0625,16623,391,16624,341,00:27:44.79,00:27:45.21
"kinematic-car-conopt",2,"",,"solved?",100,1.9590243219206969,,,,,,,,,,,,,,,,0.172,0.015625,0.078125,0.09375,0.14100000000000001,0.046875,0.015625,0.0625,16623,391,16624,341,00:27:45.36,00:27:45.77
"kinematic-car-conopt",3,"",,"solved?",100,1.9590243219206969,,,,,,,,,,,,,,,,0.25,0.03125,0.015625,0.046875,0.125,0.015625,0.03125,0.046875,16623,391,16624,341,00:27:45.91,00:27:46.36
"kinematic-car-conopt",4,"",,"solved?",100,1.9590243219206969,,,,,,,,,,,,,,,,0.21800000000000003,0,0.046875,0.046875,0.125,0.03125,0.03125,0.0625,16623,391,16624,341,00:27:46.48,00:27:46.92
"kinematic-car-conopt",5,"",,"solved?",100,1.9590243219206969,,,,,,,,,,,,,,,,0.21900000000000003,0.0625,0.015625,0.078125,0.109,0.015625,0.046875,0.0625,16623,391,16624,341,00:27:47.10,00:27:47.52
"kinematic-car-conopt",6,"",,"solved?",100,1.9590243219206969,,,,,,,,,,,,,,,,0.265,0.015625,0.046875,0.0625,0.11000000000000001,0.03125,0.03125,0.0625,16623,391,16624,341,00:27:47.64,00:27:48.09
"kinematic-car-conopt",7,"",,"solved?",100,1.9590243219206969,,,,,,,,,,,,,,,,0.21900000000000003,0.046875,0,0.046875,0.125,0.046875,0.0625,0.109375,16623,391,16624,341,00:27:48.23,00:27:48.65
"kinematic-car-conopt",8,"",,"solved?",100,1.9590243219206969,,,,,,,,,,,,,,,,0.21899999999999997,0.03125,0.046875,0.078125,0.125,0.015625,0.046875,0.0625,16623,391,16624,341,00:27:48.79,00:27:49.25
"kinematic-car-conopt",9,"",,"solved?",100,1.9590243219206969,,,,,,,,,,,,,,,,0.21900000000000003,0.015625,0.046875,0.0625,0.172,0.015625,0.03125,0.046875,16623,391,16624,341,00:27:49.38,00:27:49.87
"kinematic-car-conopt",10,"",,"solved?",100,1.9590243219206969,,,,,,,,,,,,,,,,0.21800000000000003,0.015625,0.03125,0.046875,0.11,0.03125,0.015625,0.046875,16623,391,16624,341,00:27:50.01,00:27:50.42
"kinematic-car-filter",1,"",,"failure",999,0,,,,,,,,,,,,,,,,0.047,0.015625,0.03125,0.046875,0,1.107422031689e-311,0,1.107422031689e-311,16623,391,16624,341,00:27:50.56,00:27:50.70
"kinematic-car-filter",2,"",,"failure",999,0,,,,,,,,,,,,,,,,0.047,0.046875,0.03125,0.078125,0,7.727939892335e-312,0,7.727939892335e-312,16623,391,16624,341,00:27:50.84,00:27:51.03
"kinematic-car-filter",3,"",,"failure",999,0,,,,,,,,,,,,,,,,0.031,0.03125,0.015625,0.046875,0,1.320286456443e-311,0,1.320286456443e-311,16623,391,16624,341,00:27:51.16,00:27:51.29
"kinematic-car-filter",4,"",,"failure",999,0,,,,,,,,,,,,,,,,0.031,0.03125,0.03125,0.0625,0,1.02412566688e-311,0,1.02412566688e-311,16623,391,16624,341,00:27:51.42,00:27:51.57
"kinematic-car-filter",5,"",,"failure",999,0,,,,,,,,,,,,,,,,0.047,0,0.046875,0.046875,0,1.2107716387955e-311,0,1.2107716387955e-311,16623,391,16624,341,00:27:51.72,00:27:51.87
"kinematic-car-filter",6,"",,"failure",999,0,,,,,,,,,,,,,,,,0.046,0.015625,0.046875,0.0625,0,1.088492085992e-311,0,1.088492085992e-311,16623,391,16624,341,00:27:52.01,00:27:52.16
"kinematic-car-filter",7,"",,"failure",999,0,,,,,,,,,,,,,,,,0.047,0.078125,0.015625,0.09375,0,7.53490288196e-312,0,7.53490288196e-312,16623,391,16624,341,00:27:52.30,00:27:52.44
"kinematic-car-filter",8,"",,"failure",999,0,,,,,,,,,,,,,,,,0.031,0.015625,0.03125,0.046875,0.016,1.1003718097755e-311,0,1.1003718097755e-311,16623,391,16624,341,00:27:52.60,00:27:52.74
"kinematic-car-filter",9,"",,"failure",999,0,,,,,,,,,,,,,,,,0.047,0.046875,0.015625,0.0625,0,1.4653699210556e-311,0,1.4653699210556e-311,16623,391,16624,341,00:27:52.89,00:27:53.02
"kinematic-car-filter",10,"",,"failure",999,0,,,,,,,,,,,,,,,,0.047,0.03125,0.046875,0.078125,0,9.2904513777e-312,0,9.2904513777e-312,16623,391,16624,341,00:27:53.16,00:27:53.30
"kinematic-car-gurobi",1,"Gurobi",12.0.3,"solved",0,1.959024382921443,,,,,,,,,,,,,,,,0.17200000000000015,0.046875,0.046875,0.09375,3.75,1.765625,46.921875,48.6875,16623,391,16624,341,00:27:53.44,00:27:57.46
"kinematic-car-gurobi",2,"Gurobi",12.0.3,"solved",0,1.959024382921443,,,,,,,,,,,,,,,,0.20299999999999985,0.046875,0.015625,0.0625,3.641,1.390625,44.609375,46,16623,391,16624,341,00:27:57.60,00:28:01.51
"kinematic-car-gurobi",3,"Gurobi",12.0.3,"solved",0,1.959024382921443,,,,,,,,,,,,,,,,0.1719999999999997,0.015625,0.03125,0.046875,3.672,1.59375,45.4375,47.03125,16623,391,16624,341,00:28:01.68,00:28:05.62
"kinematic-car-gurobi",4,"Gurobi",12.0.3,"solved",0,1.959024382921443,,,,,,,,,,,,,,,,0.21899999999999986,0,0.046875,0.046875,3.828,1.78125,48.609375,50.390625,16623,391,16624,341,00:28:05.76,00:28:09.89
"kinematic-car-gurobi",5,"Gurobi",12.0.3,"solved",0,1.959024382921443,,,,,,,,,,,,,,,,0.21799999999999953,0,0.046875,0.046875,3.6570000000000005,1.453125,44.6875,46.140625,16623,391,16624,341,00:28:10.04,00:28:14.00
"kinematic-car-gurobi",6,"Gurobi",12.0.3,"solved",0,1.959024382921443,,,,,,,,,,,,,,,,0.14100000000000001,0,0.078125,0.078125,3.625,1.546875,44,45.546875,16623,391,16624,341,00:28:14.14,00:28:17.99
"kinematic-car-gurobi",7,"Gurobi",12.0.3,"solved",0,1.959024382921443,,,,,,,,,,,,,,,,0.20299999999999985,0.015625,0.03125,0.046875,3.5940000000000003,1.53125,43.703125,45.234375,16623,391,16624,341,00:28:18.15,00:28:22.02
"kinematic-car-gurobi",8,"Gurobi",12.0.3,"solved",0,1.959024382921443,,,,,,,,,,,,,,,,0.18800000000000017,0.03125,0.03125,0.0625,3.609,1.515625,44.890625,46.40625,16623,391,16624,341,00:28:22.14,00:28:26.02
"kinematic-car-gurobi",9,"Gurobi",12.0.3,"solved",0,1.959024382921443,,,,,,,,,,,,,,,,0.18700000000000028,0.015625,0.046875,0.0625,3.6719999999999997,1.296875,45.640625,46.9375,16623,391,16624,341,00:28:26.16,00:28:30.10
"kinematic-car-gurobi",10,"Gurobi",12.0.3,"solved",0,1.959024382921443,,,,,,,,,,,,,,,,0.18800000000000017,0.046875,0.015625,0.0625,3.546,1.609375,44.546875,46.15625,16623,391,16624,341,00:28:30.22,00:28:34.06
"kinematic-car-ipopt",1,"Ipopt",3.12.13,"solved",0,1.9589704802783663,,204,547,205,547,0,207,0,204,1.8285026270881133e-12,0.603,0.046,391,341,0,0.18800000000000006,0.0625,0.03125,0.09375,0.6869999999999999,0.03125,0.609375,0.640625,16623,391,16624,341,00:28:34.21,00:28:35.17
"kinematic-car-ipopt",2,"Ipopt",3.12.13,"solved",0,1.9589704802783663,,204,547,205,547,0,207,0,204,1.8285026270881133e-12,0.636,0.036,391,341,0,0.18800000000000006,0.015625,0.03125,0.046875,0.6869999999999999,0.046875,0.625,0.671875,16623,391,16624,341,00:28:35.33,00:28:36.33
"kinematic-car-ipopt",3,"Ipopt",3.12.13,"solved",0,1.9589704802783663,,204,547,205,547,0,207,0,204,1.8285026270881133e-12,0.663,0.043,391,341,0,0.15600000000000003,0.046875,0.015625,0.0625,0.735,0.03125,0.6875,0.71875,16623,391,16624,341,00:28:36.48,00:28:37.51
"kinematic-car-ipopt",4,"Ipopt",3.12.13,"solved",0,1.9589704802783663,,204,547,205,547,0,207,0,204,1.8285026270881133e-12,0.736,0.028,391,341,0,0.235,0.03125,0.046875,0.078125,0.828,0.015625,0.75,0.765625,16623,391,16624,341,00:28:37.67,00:28:38.87
"kinematic-car-ipopt",5,"Ipopt",3.12.13,"solved",0,1.9589704802783663,,204,547,205,547,0,207,0,204,1.8285026270881133e-12,0.631,0.050,391,341,0,0.20300000000000007,0.03125,0.03125,0.0625,0.703,0.046875,0.640625,0.6875,16623,391,16624,341,00:28:39.07,00:28:40.09
"kinematic-car-ipopt",6,"Ipopt",3.12.13,"solved",0,1.9589704802783663,,204,547,205,547,0,207,0,204,1.8285026270881133e-12,0.669,0.045,391,341,0,0.20400000000000007,0.0625,0,0.0625,0.734,0,0.71875,0.71875,16623,391,16624,341,00:28:40.25,00:28:41.35
"kinematic-car-ipopt",7,"Ipopt",3.12.13,"solved",0,1.9589704802783663,,204,547,205,547,0,207,0,204,1.8285026270881133e-12,0.714,0.045,391,341,0,0.17200000000000004,0.0625,0.015625,0.078125,0.781,0.046875,0.71875,0.765625,16623,391,16624,341,00:28:41.51,00:28:42.60
"kinematic-car-ipopt",8,"Ipopt",3.12.13,"solved",0,1.9589704802783663,,204,547,205,547,0,207,0,204,1.8285026270881133e-12,0.688,0.041,391,341,0,0.21799999999999986,0.015625,0.109375,0.125,0.7500000000000001,0.046875,0.6875,0.734375,16623,391,16624,341,00:28:42.72,00:28:43.83
"kinematic-car-ipopt",9,"Ipopt",3.12.13,"solved",0,1.9589704802783663,,204,547,205,547,0,207,0,204,1.8285026270881133e-12,0.674,0.041,391,341,0,0.18700000000000006,0.015625,0.0625,0.078125,0.75,0.078125,0.640625,0.71875,16623,391,16624,341,00:28:44.01,00:28:45.06
"kinematic-car-ipopt",10,"Ipopt",3.12.13,"solved",0,1.9589704802783663,,204,547,205,547,0,207,0,204,1.8285026270881133e-12,0.677,0.043,391,341,0,0.20300000000000007,0.015625,0.03125,0.046875,0.75,0.046875,0.671875,0.71875,16623,391,16624,341,00:28:45.22,00:28:46.30
"kinematic-car-knitro",1,"Knitro",14.2.0,"",,,,,,,,,,,,,,,,,,,,,,,,,,,,,,00:28:46.47,00:28:46.67
"kinematic-car-knitro",2,"Knitro",14.2.0,"",,,,,,,,,,,,,,,,,,,,,,,,,,,,,,00:28:46.89,00:28:47.15
"kinematic-car-knitro",3,"Knitro",14.2.0,"",,,,,,,,,,,,,,,,,,,,,,,,,,,,,,00:28:47.32,00:28:47.52
"kinematic-car-knitro",4,"Knitro",14.2.0,"",,,,,,,,,,,,,,,,,,,,,,,,,,,,,,00:28:47.72,00:28:47.96
"kinematic-car-knitro",5,"Knitro",14.2.0,"",,,,,,,,,,,,,,,,,,,,,,,,,,,,,,00:28:48.13,00:28:48.39
"kinematic-car-knitro",6,"Knitro",14.2.0,"",,,,,,,,,,,,,,,,,,,,,,,,,,,,,,00:28:48.54,00:28:48.75
"kinematic-car-knitro",7,"Knitro",14.2.0,"",,,,,,,,,,,,,,,,,,,,,,,,,,,,,,00:28:48.92,00:28:49.13
"kinematic-car-knitro",8,"Knitro",14.2.0,"",,,,,,,,,,,,,,,,,,,,,,,,,,,,,,00:28:49.32,00:28:49.53
"kinematic-car-knitro",9,"Knitro",14.2.0,"",,,,,,,,,,,,,,,,,,,,,,,,,,,,,,00:28:49.68,00:28:49.93
"kinematic-car-knitro",10,"Knitro",14.2.0,"",,,,,,,,,,,,,,,,,,,,,,,,,,,,,,00:28:50.09,00:28:50.28
"kinematic-car-lancelot",1,"",,"failure",999,0,,,,,,,,,,,,,,,,0.031,0.0625,0,0.0625,0,1.265029408905e-311,0,1.265029408905e-311,16623,391,16624,341,00:28:50.42,00:28:50.57
"kinematic-car-lancelot",2,"",,"failure",999,0,,,,,,,,,,,,,,,,0.047,0.015625,0.046875,0.0625,0,1.484344195065e-311,0,1.484344195065e-311,16623,391,16624,341,00:28:50.73,00:28:50.86
"kinematic-car-lancelot",3,"",,"failure",999,0,,,,,,,,,,,,,,,,0.047,0.046875,0.015625,0.0625,0,6.99419060966e-312,0,6.99419060966e-312,16623,391,16624,341,00:28:51.00,00:28:51.16
"kinematic-car-lancelot",4,"",,"failure",999,0,,,,,,,,,,,,,,,,0.031,0.0625,0,0.0625,0.016,1.0499738913664e-311,0,1.0499738913664e-311,16623,391,16624,341,00:28:51.30,00:28:51.45
"kinematic-car-lancelot",5,"",,"failure",999,0,,,,,,,,,,,,,,,,0.063,0.015625,0.046875,0.0625,0,6.73487621928e-312,0,6.73487621928e-312,16623,391,16624,341,00:28:51.59,00:28:51.73
"kinematic-car-lancelot",6,"",,"failure",999,0,,,,,,,,,,,,,,,,0.047,0,0.046875,0.046875,0,9.74188898997e-312,0,9.74188898997e-312,16623,391,16624,341,00:28:51.92,00:28:52.06
"kinematic-car-lancelot",7,"",,"failure",999,0,,,,,,,,,,,,,,,,0.047,0.015625,0.03125,0.046875,0,1.301357539652e-311,0,1.301357539652e-311,16623,391,16624,341,00:28:52.21,00:28:52.34
"kinematic-car-lancelot",8,"",,"failure",999,0,,,,,,,,,,,,,,,,0.047,0,0.0625,0.0625,0,7.800645826777e-312,0,7.800645826777e-312,16623,391,16624,341,00:28:52.48,00:28:52.62
"kinematic-car-lancelot",9,"",,"failure",999,0,,,,,,,,,,,,,,,,0.062,0.015625,0.03125,0.046875,0,1.3638066650577e-311,0,1.3638066650577e-311,16623,391,16624,341,00:28:52.76,00:28:52.89
"kinematic-car-lancelot",10,"",,"failure",999,0,,,,,,,,,,,,,,,,0.047,0.015625,0.046875,0.0625,0,1.0449961262934e-311,0,1.0449961262934e-311,16623,391,16624,341,00:28:53.03,00:28:53.16
"kinematic-car-loqo",1,"",,"solved",0,1.9589703821413573,,,,,,,,,,,,,,,,0.17100000000000004,0.03125,0.0625,0.09375,0.625,0.03125,0.015625,0.046875,16623,391,16624,341,00:28:53.30,00:28:54.19
"kinematic-car-loqo",2,"",,"solved",0,1.9589703821413573,,,,,,,,,,,,,,,,0.18700000000000003,0.015625,0.078125,0.09375,0.094,0.046875,0,0.046875,16623,391,16624,341,00:28:54.35,00:28:54.76
"kinematic-car-loqo",3,"",,"solved",0,1.9589703821413573,,,,,,,,,,,,,,,,0.172,0.03125,0.03125,0.0625,0.078,0.015625,0.015625,0.03125,16623,391,16624,341,00:28:54.92,00:28:55.29
"kinematic-car-loqo",4,"",,"solved",0,1.9589703821413573,,,,,,,,,,,,,,,,0.15599999999999997,0.015625,0.046875,0.0625,0.078,0.015625,0,0.015625,16623,391,16624,341,00:28:55.43,00:28:55.78
"kinematic-car-loqo",5,"",,"solved",0,1.9589703821413573,,,,,,,,,,,,,,,,0.14100000000000001,0.015625,0.078125,0.09375,0.078,0,0.03125,0.03125,16623,391,16624,341,00:28:55.98,00:28:56.35
"kinematic-car-loqo",6,"",,"solved",0,1.9589703821413573,,,,,,,,,,,,,,,,0.14100000000000001,0.015625,0.046875,0.0625,0.078,0.015625,0.015625,0.03125,16623,391,16624,341,00:28:56.49,00:28:56.83
"kinematic-car-loqo",7,"",,"solved",0,1.9589703821413573,,,,,,,,,,,,,,,,0.15500000000000003,0.046875,0.03125,0.078125,0.079,0,0.03125,0.03125,16623,391,16624,341,00:28:57.01,00:28:57.37
"kinematic-car-loqo",8,"",,"solved",0,1.9589703821413573,,,,,,,,,,,,,,,,0.15600000000000003,0.046875,0.046875,0.09375,0.078,0.015625,0,0.015625,16623,391,16624,341,00:28:57.53,00:28:57.87
"kinematic-car-loqo",9,"",,"solved",0,1.9589703821413573,,,,,,,,,,,,,,,,0.156,0.046875,0.0625,0.109375,0.07800000000000001,0.015625,0.03125,0.046875,16623,391,16624,341,00:28:58.02,00:28:58.38
"kinematic-car-loqo",10,"",,"solved",0,1.9589703821413573,,,,,,,,,,,,,,,,0.20400000000000001,0.03125,0.03125,0.0625,0.062,0.015625,0.015625,0.03125,16623,391,16624,341,00:28:58.59,00:28:58.98
"kinematic-car-minos",1,"",,"infeasible",200,0,,,,,,,,,,,,,,,,0.15500000000000003,0.03125,0.03125,0.0625,0.36,0.046875,0.03125,0.078125,16623,391,16624,341,00:28:59.13,00:28:59.72
"kinematic-car-minos",2,"",,"infeasible",200,0,,,,,,,,,,,,,,,,0.173,0.015625,0.078125,0.09375,0.14,0.046875,0.03125,0.078125,16623,391,16624,341,00:28:59.91,00:29:00.33
"kinematic-car-minos",3,"",,"infeasible",200,0,,,,,,,,,,,,,,,,0.20199999999999999,0.046875,0.03125,0.078125,0.11000000000000001,0.015625,0.03125,0.046875,16623,391,16624,341,00:29:00.48,00:29:00.89
"kinematic-car-minos",4,"",,"infeasible",200,0,,,,,,,,,,,,,,,,0.171,0.0625,0,0.0625,0.11000000000000001,0.015625,0.046875,0.0625,16623,391,16624,341,00:29:01.05,00:29:01.42
"kinematic-car-minos",5,"",,"infeasible",200,0,,,,,,,,,,,,,,,,0.18599999999999997,0.046875,0.03125,0.078125,0.157,0.015625,0.0625,0.078125,16623,391,16624,341,00:29:01.63,00:29:02.08
"kinematic-car-minos",6,"",,"infeasible",200,0,,,,,,,,,,,,,,,,0.188,0.046875,0.03125,0.078125,0.109,0.03125,0.03125,0.0625,16623,391,16624,341,00:29:02.24,00:29:02.65
"kinematic-car-minos",7,"",,"infeasible",200,0,,,,,,,,,,,,,,,,0.188,0.0625,0.03125,0.09375,0.09400000000000001,0.03125,0.03125,0.0625,16623,391,16624,341,00:29:02.87,00:29:03.25
"kinematic-car-minos",8,"",,"infeasible",200,0,,,,,,,,,,,,,,,,0.17200000000000004,0,0.078125,0.078125,0.11,0,0.0625,0.0625,16623,391,16624,341,00:29:03.44,00:29:03.83
"kinematic-car-minos",9,"",,"infeasible",200,0,,,,,,,,,,,,,,,,0.20299999999999999,0.03125,0.046875,0.078125,0.094,0.03125,0.03125,0.0625,16623,391,16624,341,00:29:03.99,00:29:04.41
"kinematic-car-minos",10,"",,"infeasible",200,0,,,,,,,,,,,,,,,,0.15600000000000003,0.03125,0.046875,0.078125,0.125,0.03125,0.046875,0.078125,16623,391,16624,341,00:29:04.62,00:29:05.02
"kinematic-car-snopt",1,"",,"infeasible",204,0,,,,,,,,,,,,,,,,0.14099999999999996,0.015625,0.046875,0.0625,0.23400000000000004,0,0,0,16623,391,16624,341,00:29:05.19,00:29:05.65
"kinematic-car-snopt",2,"",,"infeasible",204,0,,,,,,,,,,,,,,,,0.172,0.046875,0.03125,0.078125,0.047,0.03125,0.015625,0.046875,16623,391,16624,341,00:29:05.81,00:29:06.14
"kinematic-car-snopt",3,"",,"infeasible",204,0,,,,,,,,,,,,,,,,0.17300000000000001,0.046875,0.03125,0.078125,0.062,0.046875,0.03125,0.078125,16623,391,16624,341,00:29:06.32,00:29:06.65
"kinematic-car-snopt",4,"",,"infeasible",204,0,,,,,,,,,,,,,,,,0.187,0,0.0625,0.0625,0.047,0.015625,0.015625,0.03125,16623,391,16624,341,00:29:06.88,00:29:07.21
"kinematic-car-snopt",5,"",,"infeasible",204,0,,,,,,,,,,,,,,,,0.157,0.0625,0.046875,0.109375,0.062,0,0,0,16623,391,16624,341,00:29:07.41,00:29:07.70
"kinematic-car-snopt",6,"",,"infeasible",204,0,,,,,,,,,,,,,,,,0.15600000000000003,0.046875,0.046875,0.09375,0.078,0.015625,0,0.015625,16623,391,16624,341,00:29:07.89,00:29:08.26
"kinematic-car-snopt",7,"",,"infeasible",204,0,,,,,,,,,,,,,,,,0.15699999999999997,0.015625,0.03125,0.046875,0.09300000000000001,0,0.015625,0.015625,16623,391,16624,341,00:29:08.42,00:29:08.77
"kinematic-car-snopt",8,"",,"infeasible",204,0,,,,,,,,,,,,,,,,0.15600000000000003,0.03125,0.03125,0.0625,0.063,0,0.03125,0.03125,16623,391,16624,341,00:29:08.97,00:29:09.31
"kinematic-car-snopt",9,"",,"infeasible",204,0,,,,,,,,,,,,,,,,0.172,0.03125,0.046875,0.078125,0.047,0,0,0,16623,391,16624,341,00:29:09.48,00:29:09.80
"kinematic-car-snopt",10,"",,"infeasible",204,0,,,,,,,,,,,,,,,,0.188,0,0.046875,0.046875,0.062,0.015625,0.015625,0.03125,16623,391,16624,341,00:29:10.01,00:29:10.35
"moving-block",1,"Ipopt",3.12.13,"solved",0,12.0558576371725,,7,8,8,8,0,8,0,7,1.8735013540549517e-16,0.004,0.000,116,88,0,0.14,0,0.015625,0.015625,0.031,0,0,0,6689,116,6722,88,00:29:10.52,00:29:10.79
"moving-block",2,"Ipopt",3.12.13,"solved",0,12.0558576371725,,7,8,8,8,0,8,0,7,1.8735013540549517e-16,0.004,0.000,116,88,0,0.14100000000000001,0.015625,0.015625,0.03125,0.016,0.015625,0,0.015625,6689,116,6722,88,00:29:10.99,00:29:11.25
"moving-block",3,"Ipopt",3.12.13,"solved",0,12.0558576371725,,7,8,8,8,0,8,0,7,1.8735013540549517e-16,0.003,0.000,116,88,0,0.172,0.015625,0,0.015625,0.016,0.03125,0,0.03125,6689,116,6722,88,00:29:11.48,00:29:11.77
"moving-block",4,"Ipopt",3.12.13,"solved",0,12.0558576371725,,7,8,8,8,0,8,0,7,1.8735013540549517e-16,0.004,0.000,116,88,0,0.15600000000000003,0.015625,0,0.015625,0.016,0.03125,0,0.03125,6689,116,6722,88,00:29:11.99,00:29:12.27
"moving-block",5,"Ipopt",3.12.13,"solved",0,12.0558576371725,,7,8,8,8,0,8,0,7,1.8735013540549517e-16,0.004,0.000,116,88,0,0.188,0,0.03125,0.03125,0.015,0.015625,0,0.015625,6689,116,6722,88,00:29:12.45,00:29:12.75
"moving-block",6,"Ipopt",3.12.13,"solved",0,12.0558576371725,,7,8,8,8,0,8,0,7,1.8735013540549517e-16,0.003,0.000,116,88,0,0.17099999999999999,0.015625,0,0.015625,0.016,0,0,0,6689,116,6722,88,00:29:12.97,00:29:13.26
"moving-block",7,"Ipopt",3.12.13,"solved",0,12.0558576371725,,7,8,8,8,0,8,0,7,1.8735013540549517e-16,0.003,0.000,116,88,0,0.125,0.015625,0.015625,0.03125,0.031,0.015625,0.015625,0.03125,6689,116,6722,88,00:29:13.45,00:29:13.72
"moving-block",8,"Ipopt",3.12.13,"solved",0,12.0558576371725,,7,8,8,8,0,8,0,7,1.8735013540549517e-16,0.004,0.000,116,88,0,0.173,0.015625,0,0.015625,0.015,0.015625,0,0.015625,6689,116,6722,88,00:29:13.96,00:29:14.24
"moving-block",9,"Ipopt",3.12.13,"solved",0,12.0558576371725,,7,8,8,8,0,8,0,7,1.8735013540549517e-16,0.004,0.000,116,88,0,0.172,0.015625,0.015625,0.03125,0.015,0,0,0,6689,116,6722,88,00:29:14.42,00:29:14.72
"moving-block",10,"Ipopt",3.12.13,"solved",0,12.0558576371725,,7,8,8,8,0,8,0,7,1.8735013540549517e-16,0.003,0.000,116,88,0,0.15600000000000003,0,0.03125,0.03125,0.016,0,0.015625,0.015625,6689,116,6722,88,00:29:14.92,00:29:15.19
"spot-col3",1,"Ipopt",3.12.13,"solved",0,52328.58047445619,13250.8528945432,172,187,171,187,187,175,175,172,4.2721381987576024e-11,34.236,153.390,14854,14228,480,13.937999999999988,2.265625,10.828125,13.09375,188.76500000000001,2.46875,185.359375,187.828125,2460541,14854,2467453,14708,00:29:15.36,00:32:38.59
"spot-col3",2,"Ipopt",3.12.13,"solved",0,52328.58047445619,13250.8528945432,172,187,171,187,187,175,175,172,4.2721381987576024e-11,33.641,151.876,14854,14228,480,13.390999999999991,1.78125,11.4375,13.21875,186.46800000000002,1.796875,184.0625,185.859375,2460541,14854,2467453,14708,00:32:38.79,00:35:59.13
"spot-col3",3,"Ipopt",3.12.13,"solved",0,52328.58047445619,13250.8528945432,172,187,171,187,187,175,175,172,4.2721381987576024e-11,33.545,151.368,14854,14228,480,13.578000000000003,1.828125,11.140625,12.96875,185.906,1.421875,183.75,185.171875,2460541,14854,2467453,14708,00:35:59.33,00:39:19.30
"spot-col3",4,"Ipopt",3.12.13,"solved",0,52328.58047445619,13250.8528945432,172,187,171,187,187,175,175,172,4.2721381987576024e-11,33.595,151.924,14854,14228,480,11.859000000000009,1.703125,9.953125,11.65625,186.516,1.546875,184.40625,185.953125,2460541,14854,2467453,14708,00:39:19.50,00:42:38.37
"spot-col3",5,"Ipopt",3.12.13,"solved",0,52328.58047445619,13250.8528945432,172,187,171,187,187,175,175,172,4.2721381987576024e-11,33.987,154.443,14854,14228,480,14.219000000000023,1.890625,11.796875,13.6875,189.344,1.828125,186.84375,188.671875,2460541,14854,2467453,14708,00:42:38.53,00:46:02.55
"spot-col3",6,"Ipopt",3.12.13,"solved",0,52328.58047445619,13250.8528945432,172,187,171,187,187,175,175,172,4.2721381987576024e-11,33.872,152.439,14854,14228,480,12.843999999999994,2.0625,10.59375,12.65625,187.406,1.625,185.1875,186.8125,2460541,14854,2467453,14708,00:46:02.72,00:49:23.44
"spot-col3",7,"Ipopt",3.12.13,"solved",0,52328.58047445619,13250.8528945432,172,187,171,187,187,175,175,172,4.2721381987576024e-11,33.385,151.209,14854,14228,480,13.625000000000028,2.015625,10.9375,12.953125,185.563,2.484375,182.03125,184.515625,2460541,14854,2467453,14708,00:49:23.65,00:52:43.30
"spot-col3",8,"Ipopt",3.12.13,"solved",0,52328.58047445619,13250.8528945432,172,187,171,187,187,175,175,172,4.2721381987576024e-11,33.086,151.017,14854,14228,480,12.828000000000003,1.75,10.859375,12.609375,185.047,2.15625,181.90625,184.0625,2460541,14854,2467453,14708,00:52:43.54,00:56:01.95
"spot-col3",9,"Ipopt",3.12.13,"solved",0,52328.58047445619,13250.8528945432,172,187,171,187,187,175,175,172,4.2721381987576024e-11,33.068,152.153,14854,14228,480,13.421999999999997,2.078125,10.703125,12.78125,186.187,2.5625,182.53125,185.09375,2460541,14854,2467453,14708,00:56:02.13,00:59:22.25
"spot-col3",10,"Ipopt",3.12.13,"solved",0,52328.58047445619,13250.8528945432,172,187,171,187,187,175,175,172,4.2721381987576024e-11,33.165,150.340,14854,14228,480,11.999000000000024,1.78125,10.03125,11.8125,184.48499999999999,2.359375,181.078125,183.4375,2460541,14854,2467453,14708,00:59:22.44,01:02:39.37
"spot-rk1",1,"Ipopt",3.12.13,"solved",0,13329.318929267814,13087.318929267833,201,228,199,228,228,209,209,201,2.9597518880208895e-11,43.130,165.077,3706,3080,480,3.328000000000003,0.5,2.234375,2.734375,209.141,3.125,204.703125,207.828125,624391,3706,627703,3560,01:02:39.53,01:06:12.23
"spot-rk1",2,"Ipopt",3.12.13,"solved",0,13329.318929267814,13087.318929267833,201,228,199,228,228,209,209,201,2.9597518880208895e-11,44.136,168.597,3706,3080,480,3.0789999999999793,0.546875,2.421875,2.96875,213.76500000000001,2.171875,210.484375,212.65625,624391,3706,627703,3560,01:06:12.42,01:09:49.45
"spot-rk1",3,"Ipopt",3.12.13,"solved",0,13329.318929267814,13087.318929267833,201,228,199,228,228,209,209,201,2.9597518880208895e-11,44.406,165.955,3706,3080,480,3.312999999999988,0.4375,2.3125,2.75,211.34400000000002,1.75,208.59375,210.34375,624391,3706,627703,3560,01:09:49.63,01:13:24.46
"spot-rk1",4,"Ipopt",3.12.13,"solved",0,13329.318929267814,13087.318929267833,201,228,199,228,228,209,209,201,2.9597518880208895e-11,43.769,165.446,3706,3080,480,2.984000000000009,0.5,2.359375,2.859375,210.172,2.265625,206.984375,209.25,624391,3706,627703,3560,01:13:24.64,01:16:57.97
"spot-rk1",5,"Ipopt",3.12.13,"solved",0,13329.318929267814,13087.318929267833,201,228,199,228,228,209,209,201,2.9597518880208895e-11,45.519,170.346,3706,3080,480,3.8899999999999864,0.578125,2.359375,2.9375,216.86,1.9375,214.125,216.0625,624391,3706,627703,3560,01:16:58.15,01:20:39.10
"spot-rk1",6,"Ipopt",3.12.13,"solved",0,13329.318929267814,13087.318929267833,201,228,199,228,228,209,209,201,2.9597518880208895e-11,44.482,168.072,3706,3080,480,3.0480000000000302,0.453125,2.375,2.828125,214.06199999999998,1.578125,210.984375,212.5625,624391,3706,627703,3560,01:20:39.26,01:24:16.79
"spot-rk1",7,"Ipopt",3.12.13,"solved",0,13329.318929267814,13087.318929267833,201,228,199,228,228,209,209,201,2.9597518880208895e-11,43.743,166.893,3706,3080,480,3.312000000000012,0.59375,2.25,2.84375,211.594,2.09375,208.5625,210.65625,624391,3706,627703,3560,01:24:16.97,01:27:52.08
"spot-rk1",8,"Ipopt",3.12.13,"solved",0,13329.318929267814,13087.318929267833,201,228,199,228,228,209,209,201,2.9597518880208895e-11,44.331,169.305,3706,3080,480,2.953000000000003,0.5,2.265625,2.765625,214.562,2.421875,211.46875,213.890625,624391,3706,627703,3560,01:27:52.27,01:31:29.97
"spot-rk1",9,"Ipopt",3.12.13,"solved",0,13329.318929267814,13087.318929267833,201,228,199,228,228,209,209,201,2.9597518880208895e-11,44.667,172.243,3706,3080,480,3.281000000000006,0.453125,2.265625,2.71875,218,2.125,214.984375,217.109375,624391,3706,627703,3560,01:31:30.13,01:35:11.62
"spot-rk1",10,"Ipopt",3.12.13,"solved",0,13329.318929267814,13087.318929267833,201,228,199,228,228,209,209,201,2.9597518880208895e-11,44.979,177.812,3706,3080,480,3.156000000000006,0.515625,2.546875,3.0625,223.797,2.4375,220.59375,223.03125,624391,3706,627703,3560,01:35:11.78,01:38:58.98
"spot-rk4",1,"Ipopt",3.12.13,"solved",0,52580.53872600742,13343.081305464602,136,149,135,149,149,139,139,136,1.4488517731479217e-10,27.137,124.925,14836,14210,480,14.312000000000012,2.078125,11.140625,13.21875,153.032,1.765625,150.609375,152.375,2460541,14836,2467453,14690,01:38:59.17,01:41:47.10
"spot-rk4",2,"Ipopt",3.12.13,"solved",0,52580.53872600742,13343.081305464602,136,149,135,149,149,139,139,136,1.4488517731479217e-10,25.777,115.982,14836,14210,480,14.985000000000014,1.71875,11.609375,13.328125,142.812,2.1875,140.015625,142.203125,2460541,14836,2467453,14690,01:41:47.37,01:44:25.75
"spot-rk4",3,"Ipopt",3.12.13,"solved",0,52580.53872600742,13343.081305464602,136,149,135,149,149,139,139,136,1.4488517731479217e-10,26.498,122.014,14836,14210,480,12.54600000000002,1.75,10.625,12.375,149.454,1.484375,147.46875,148.953125,2460541,14836,2467453,14690,01:44:25.93,01:47:08.43
"spot-rk4",4,"Ipopt",3.12.13,"solved",0,52580.53872600742,13343.081305464602,136,149,135,149,149,139,139,136,1.4488517731479217e-10,25.847,119.082,14836,14210,480,13.578000000000031,1.78125,11.0625,12.84375,145.969,1.859375,143.546875,145.40625,2460541,14836,2467453,14690,01:47:08.56,01:49:48.58
"spot-rk4",5,"Ipopt",3.12.13,"solved",0,52580.53872600742,13343.081305464602,136,149,135,149,149,139,139,136,1.4488517731479217e-10,25.971,120.052,14836,14210,480,13.001000000000005,1.78125,10.84375,12.625,146.953,2.203125,144.09375,146.296875,2460541,14836,2467453,14690,01:49:48.70,01:52:29.12
"spot-rk4",6,"Ipopt",3.12.13,"solved",0,52580.53872600742,13343.081305464602,136,149,135,149,149,139,139,136,1.4488517731479217e-10,25.773,118.363,14836,14210,480,13.048000000000002,1.875,10.703125,12.578125,145.031,1.6875,142.578125,144.265625,2460541,14836,2467453,14690,01:52:29.31,01:55:07.87
"spot-rk4",7,"Ipopt",3.12.13,"solved",0,52580.53872600742,13343.081305464602,136,149,135,149,149,139,139,136,1.4488517731479217e-10,25.865,119.211,14836,14210,480,12.859000000000009,1.8125,10.828125,12.640625,146,1.5625,144.015625,145.578125,2460541,14836,2467453,14690,01:55:08.01,01:57:47.36
"spot-rk4",8,"Ipopt",3.12.13,"solved",0,52580.53872600742,13343.081305464602,136,149,135,149,149,139,139,136,1.4488517731479217e-10,25.706,118.803,14836,14210,480,13.312999999999988,1.5625,11.015625,12.578125,145.453,2.125,142.71875,144.84375,2460541,14836,2467453,14690,01:57:47.56,02:00:26.78
"spot-rk4",9,"Ipopt",3.12.13,"solved",0,52580.53872600742,13343.081305464602,136,149,135,149,149,139,139,136,1.4488517731479217e-10,25.727,120.148,14836,14210,480,11.765000000000015,1.734375,9.84375,11.578125,146.844,2.09375,143.96875,146.0625,2460541,14836,2467453,14690,02:00:26.98,02:03:06.11
"spot-rk4",10,"Ipopt",3.12.13,"solved",0,52580.53872600742,13343.081305464602,136,149,135,149,149,139,139,136,1.4488517731479217e-10,25.751,117.564,14836,14210,480,13.124999999999972,1.765625,10.734375,12.5,144.21900000000002,1.65625,141.796875,143.453125,2460541,14836,2467453,14690,02:03:06.29,02:05:44.12
