run,status,variables,equality_constraints,inequality_constraints,iterations,objective_unscaled,constraint_violation_unscaled,ipopt_cpu_secs,nlp_cpu_secs,python_wall,ampl_wall,solve_wall,nvars,snvars,ncons,sncons,total_wall,run_date,run_start_time
spot_jump_twist_col3_py,Converged to a point of local infeasibility. Problem may be infeasible.,8950,8337,1180,493,1.6947152891601992e+04,1.2411050059394912e-02,46.294,12.488,67.65068832099996,,,,,,,67.6507,20260623,033540
spot_jump_twist_col3_py,Converged to a point of local infeasibility. Problem may be infeasible.,8950,8337,1180,493,1.6947152891601992e+04,1.2411050059394912e-02,47.966,13.194,68.8689840940001,,,,,,,68.869,20260623,034217
spot_jump_twist_col3_py,Converged to a point of local infeasibility. Problem may be infeasible.,8950,8337,1180,493,1.6947152891601992e+04,1.2411050059394912e-02,46.277,12.786,66.84530834399993,,,,,,,66.8453,20260623,034850
spot_jump_twist_col3_py,Converged to a point of local infeasibility. Problem may be infeasible.,8950,8337,1180,493,1.6947152891601992e+04,1.2411050059394912e-02,47.012,12.934,68.31178061099945,,,,,,,68.3118,20260623,035519
spot_jump_twist_col3_py,Converged to a point of local infeasibility. Problem may be infeasible.,8950,8337,1180,493,1.6947152891601992e+04,1.2411050059394912e-02,45.891,12.869,67.12425364299997,,,,,,,67.1243,20260623,040149
spot_jump_twist_col3_py,Converged to a point of local infeasibility. Problem may be infeasible.,8950,8337,1180,493,1.6947152891601992e+04,1.2411050059394912e-02,45.642,12.590,66.23175608600013,,,,,,,66.2318,20260623,040814
spot_jump_twist_col3_py,Converged to a point of local infeasibility. Problem may be infeasible.,8950,8337,1180,493,1.6947152891601992e+04,1.2411050059394912e-02,45.660,12.449,66.00862121200043,,,,,,,66.0086,20260623,041441
spot_jump_twist_col3_py,Converged to a point of local infeasibility. Problem may be infeasible.,8950,8337,1180,493,1.6947152891601992e+04,1.2411050059394912e-02,47.101,12.876,67.85607177800011,,,,,,,67.8561,20260623,042109
spot_jump_twist_col3_py,Converged to a point of local infeasibility. Problem may be infeasible.,8950,8337,1180,493,1.6947152891601992e+04,1.2411050059394912e-02,45.987,12.474,67.05497342099989,,,,,,,67.055,20260623,042738
spot_jump_twist_col3_py,Converged to a point of local infeasibility. Problem may be infeasible.,8950,8337,1180,493,1.6947152891601992e+04,1.2411050059394912e-02,46.845,12.740,67.18356166400008,,,,,,,67.1836,20260623,043409
spot_jump_twist_rk1_py,Converged to a point of local infeasibility. Problem may be infeasible.,3400,2787,1180,398,1.9921461898401179e+04,1.2054748952508354e-02,50.057,9.382,66.66059764300007,,,,,,,66.6606,20260623,033540
spot_jump_twist_rk1_py,Converged to a point of local infeasibility. Problem may be infeasible.,3400,2787,1180,398,1.9921461898401179e+04,1.2054748952508354e-02,48.599,8.839,64.29660336200004,,,,,,,64.2966,20260623,034217
spot_jump_twist_rk1_py,Converged to a point of local infeasibility. Problem may be infeasible.,3400,2787,1180,398,1.9921461898401179e+04,1.2054748952508354e-02,49.767,9.250,65.99417451799945,,,,,,,65.9942,20260623,034850
spot_jump_twist_rk1_py,Converged to a point of local infeasibility. Problem may be infeasible.,3400,2787,1180,398,1.9921461898401179e+04,1.2054748952508354e-02,48.142,8.944,63.98871812300058,,,,,,,63.9887,20260623,035519
spot_jump_twist_rk1_py,Converged to a point of local infeasibility. Problem may be infeasible.,3400,2787,1180,398,1.9921461898401179e+04,1.2054748952508354e-02,49.547,9.047,65.53683575299965,,,,,,,65.5368,20260623,040149
spot_jump_twist_rk1_py,Converged to a point of local infeasibility. Problem may be infeasible.,3400,2787,1180,398,1.9921461898401179e+04,1.2054748952508354e-02,48.500,8.734,63.82841202800046,,,,,,,63.8284,20260623,040814
spot_jump_twist_rk1_py,Converged to a point of local infeasibility. Problem may be infeasible.,3400,2787,1180,398,1.9921461898401179e+04,1.2054748952508354e-02,50.052,9.160,66.14917836600034,,,,,,,66.1492,20260623,041441
spot_jump_twist_rk1_py,Converged to a point of local infeasibility. Problem may be infeasible.,3400,2787,1180,398,1.9921461898401179e+04,1.2054748952508354e-02,48.172,8.806,64.38376259300003,,,,,,,64.3838,20260623,042109
spot_jump_twist_rk1_py,Converged to a point of local infeasibility. Problem may be infeasible.,3400,2787,1180,398,1.9921461898401179e+04,1.2054748952508354e-02,50.186,9.143,65.99292844499996,,,,,,,65.9929,20260623,042738
spot_jump_twist_rk1_py,Converged to a point of local infeasibility. Problem may be infeasible.,3400,2787,1180,398,1.9921461898401179e+04,1.2054748952508354e-02,48.116,8.885,64.12646973699975,,,,,,,64.1265,20260623,043409
spot_jump_twist_rk4-zero-tol_py,Converged to a point of local infeasibility. Problem may be infeasible.,3400,2787,1180,355,1.3581503511743724e+04,1.1100848100742411e-06,26.871,9.177,43.519712430000254,,,,,,,43.5197,20260623,033540
spot_jump_twist_rk4-zero-tol_py,Converged to a point of local infeasibility. Problem may be infeasible.,3400,2787,1180,355,1.3581503511743724e+04,1.1100848100742411e-06,27.178,9.250,43.72185594400071,,,,,,,43.7219,20260623,034217
spot_jump_twist_rk4-zero-tol_py,Converged to a point of local infeasibility. Problem may be infeasible.,3400,2787,1180,355,1.3581503511743724e+04,1.1100848100742411e-06,26.426,8.887,42.4326481019998,,,,,,,42.4326,20260623,034850
spot_jump_twist_rk4-zero-tol_py,Converged to a point of local infeasibility. Problem may be infeasible.,3400,2787,1180,355,1.3581503511743724e+04,1.1100848100742411e-06,27.279,9.373,44.35830444500061,,,,,,,44.3583,20260623,035519
spot_jump_twist_rk4-zero-tol_py,Converged to a point of local infeasibility. Problem may be infeasible.,3400,2787,1180,355,1.3581503511743724e+04,1.1100848100742411e-06,25.571,8.687,41.40950822400009,,,,,,,41.4095,20260623,040149
spot_jump_twist_rk4-zero-tol_py,Converged to a point of local infeasibility. Problem may be infeasible.,3400,2787,1180,355,1.3581503511743724e+04,1.1100848100742411e-06,27.179,9.483,43.81969598099931,,,,,,,43.8197,20260623,040814
spot_jump_twist_rk4-zero-tol_py,Converged to a point of local infeasibility. Problem may be infeasible.,3400,2787,1180,355,1.3581503511743724e+04,1.1100848100742411e-06,26.564,8.911,42.898066062,,,,,,,42.8981,20260623,041441
spot_jump_twist_rk4-zero-tol_py,Converged to a point of local infeasibility. Problem may be infeasible.,3400,2787,1180,355,1.3581503511743724e+04,1.1100848100742411e-06,27.225,9.232,43.668198286000006,,,,,,,43.6682,20260623,042109
spot_jump_twist_rk4-zero-tol_py,Converged to a point of local infeasibility. Problem may be infeasible.,3400,2787,1180,355,1.3581503511743724e+04,1.1100848100742411e-06,26.640,8.879,42.676153456000065,,,,,,,42.6762,20260623,042738
spot_jump_twist_rk4-zero-tol_py,Converged to a point of local infeasibility. Problem may be infeasible.,3400,2787,1180,355,1.3581503511743724e+04,1.1100848100742411e-06,27.094,9.325,43.461179392000304,,,,,,,43.4612,20260623,043409
spot_jump_twist_rk4_py,Optimal Solution Found.,3400,2787,1180,330,1.3127374891315938e+04,1.4127164160715466e-07,25.944,8.703,42.93725476000009,,,,,,,42.9373,20260623,033540
spot_jump_twist_rk4_py,Optimal Solution Found.,3400,2787,1180,330,1.3127374891315938e+04,1.4127164160715466e-07,25.507,8.352,40.970243323999966,,,,,,,40.9702,20260623,034217
spot_jump_twist_rk4_py,Optimal Solution Found.,3400,2787,1180,330,1.3127374891315938e+04,1.4127164160715466e-07,25.889,8.520,42.33088407699961,,,,,,,42.3309,20260623,034850
spot_jump_twist_rk4_py,Optimal Solution Found.,3400,2787,1180,330,1.3127374891315938e+04,1.4127164160715466e-07,25.049,8.165,40.401224403000015,,,,,,,40.4012,20260623,035519
spot_jump_twist_rk4_py,Optimal Solution Found.,3400,2787,1180,330,1.3127374891315938e+04,1.4127164160715466e-07,25.445,8.486,41.294977159000155,,,,,,,41.295,20260623,040149
spot_jump_twist_rk4_py,Optimal Solution Found.,3400,2787,1180,330,1.3127374891315938e+04,1.4127164160715466e-07,24.846,8.313,40.43451639399973,,,,,,,40.4345,20260623,040814
spot_jump_twist_rk4_py,Optimal Solution Found.,3400,2787,1180,330,1.3127374891315938e+04,1.4127164160715466e-07,26.351,8.664,42.9740675740004,,,,,,,42.9741,20260623,041441
spot_jump_twist_rk4_py,Optimal Solution Found.,3400,2787,1180,330,1.3127374891315938e+04,1.4127164160715466e-07,25.326,8.299,40.96602435299974,,,,,,,40.966,20260623,042109
spot_jump_twist_rk4_py,Optimal Solution Found.,3400,2787,1180,330,1.3127374891315938e+04,1.4127164160715466e-07,26.313,8.767,43.10459870899922,,,,,,,43.1046,20260623,042738
spot_jump_twist_rk4_py,Optimal Solution Found.,3400,2787,1180,330,1.3127374891315938e+04,1.4127164160715466e-07,24.977,8.268,40.51354938500026,,,,,,,40.5135,20260623,043409
